home.team,name,name,dist1
Angels,Angel Stadium of Anaheim,Chase Field,357
Angels,Angel Stadium of Anaheim,SunTrust Park,2173
Angels,Angel Stadium of Anaheim,Oriole Park at Camden Yards,2642
Angels,Angel Stadium of Anaheim,Fenway Park,2987
Angels,Angel Stadium of Anaheim,Wrigley Field,2015
Angels,Angel Stadium of Anaheim,Guaranteed Rate Field,2014
Angels,Angel Stadium of Anaheim,Great American Ball Park,2182
Angels,Angel Stadium of Anaheim,Progressive Field,2341
Angels,Angel Stadium of Anaheim,Coors Field,1015
Angels,Angel Stadium of Anaheim,Comerica Park,2276
Angels,Angel Stadium of Anaheim,Marlins Park,2719
Angels,Angel Stadium of Anaheim,Minute Maid Park,1534
Angels,Angel Stadium of Anaheim,Kauffman Stadium,1620
Angels,Angel Stadium of Anaheim,Dodger Stadium,31
Angels,Angel Stadium of Anaheim,Miller Park,2049
Angels,Angel Stadium of Anaheim,Target Field,1922
Angels,Angel Stadium of Anaheim,Nationals Park,2664
Angels,Angel Stadium of Anaheim,Citi Field,2800
Angels,Angel Stadium of Anaheim,Yankee Stadium,2791
Angels,Angel Stadium of Anaheim,Oakland Coliseum,394
Angels,Angel Stadium of Anaheim,Citizens Bank Park,2714
Angels,Angel Stadium of Anaheim,PNC Park,2425
Angels,Angel Stadium of Anaheim,Petco Park,95
Angels,Angel Stadium of Anaheim,ATT Park,409
Angels,Angel Stadium of Anaheim,Safeco Field,1165
Angels,Angel Stadium of Anaheim,Busch Stadium,1825
Angels,Angel Stadium of Anaheim,Tropicana Field,2535
Angels,Angel Stadium of Anaheim,Globe Life Park in Arlington,1405
Angels,Angel Stadium of Anaheim,Rogers Centre,2507
D-Backs,Chase Field,Angel Stadium of Anaheim,357
D-Backs,Chase Field,SunTrust Park,1858
D-Backs,Chase Field,Oriole Park at Camden Yards,2326
D-Backs,Chase Field,Fenway Park,2686
D-Backs,Chase Field,Wrigley Field,1812
D-Backs,Chase Field,Guaranteed Rate Field,1804
D-Backs,Chase Field,Great American Ball Park,1867
D-Backs,Chase Field,Progressive Field,2068
D-Backs,Chase Field,Coors Field,826
D-Backs,Chase Field,Comerica Park,2033
D-Backs,Chase Field,Marlins Park,2362
D-Backs,Chase Field,Minute Maid Park,1177
D-Backs,Chase Field,Kauffman Stadium,1362
D-Backs,Chase Field,Dodger Stadium,375
D-Backs,Chase Field,Miller Park,1885
D-Backs,Chase Field,Target Field,1796
D-Backs,Chase Field,Nationals Park,2349
D-Backs,Chase Field,Citi Field,2473
D-Backs,Chase Field,Yankee Stadium,2470
D-Backs,Chase Field,Oakland Coliseum,736
D-Backs,Chase Field,Citizens Bank Park,2399
D-Backs,Chase Field,PNC Park,2110
D-Backs,Chase Field,Petco Park,356
D-Backs,Chase Field,ATT Park,751
D-Backs,Chase Field,Safeco Field,1507
D-Backs,Chase Field,Busch Stadium,1510
D-Backs,Chase Field,Tropicana Field,2179
D-Backs,Chase Field,Globe Life Park in Arlington,1048
D-Backs,Chase Field,Rogers Centre,2262
Braves,SunTrust Park,Angel Stadium of Anaheim,2173
Braves,SunTrust Park,Chase Field,1858
Braves,SunTrust Park,Oriole Park at Camden Yards,676
Braves,SunTrust Park,Fenway Park,1091
Braves,SunTrust Park,Wrigley Field,710
Braves,SunTrust Park,Guaranteed Rate Field,704
Braves,SunTrust Park,Great American Ball Park,449
Braves,SunTrust Park,Progressive Field,699
Braves,SunTrust Park,Coors Field,1392
Braves,SunTrust Park,Comerica Park,711
Braves,SunTrust Park,Marlins Park,675
Braves,SunTrust Park,Minute Maid Park,800
Braves,SunTrust Park,Kauffman Stadium,783
Braves,SunTrust Park,Dodger Stadium,2182
Braves,SunTrust Park,Miller Park,805
Braves,SunTrust Park,Target Field,1102
Braves,SunTrust Park,Nationals Park,639
Braves,SunTrust Park,Citi Field,893
Braves,SunTrust Park,Yankee Stadium,891
Braves,SunTrust Park,Oakland Coliseum,2464
Braves,SunTrust Park,Citizens Bank Park,772
Braves,SunTrust Park,PNC Park,685
Braves,SunTrust Park,Petco Park,2145
Braves,SunTrust Park,ATT Park,2479
Braves,SunTrust Park,Safeco Field,2686
Braves,SunTrust Park,Busch Stadium,543
Braves,SunTrust Park,Tropicana Field,491
Braves,SunTrust Park,Globe Life Park in Arlington,802
Braves,SunTrust Park,Rogers Centre,940
Orioles,Oriole Park at Camden Yards,Angel Stadium of Anaheim,2642
Orioles,Oriole Park at Camden Yards,Chase Field,2326
Orioles,Oriole Park at Camden Yards,SunTrust Park,676
Orioles,Oriole Park at Camden Yards,Fenway Park,400
Orioles,Oriole Park at Camden Yards,Wrigley Field,707
Orioles,Oriole Park at Camden Yards,Guaranteed Rate Field,697
Orioles,Oriole Park at Camden Yards,Great American Ball Park,515
Orioles,Oriole Park at Camden Yards,Progressive Field,374
Orioles,Oriole Park at Camden Yards,Coors Field,1670
Orioles,Oriole Park at Camden Yards,Comerica Park,526
Orioles,Oriole Park at Camden Yards,Marlins Park,1094
Orioles,Oriole Park at Camden Yards,Minute Maid Park,1445
Orioles,Oriole Park at Camden Yards,Kauffman Stadium,1061
Orioles,Oriole Park at Camden Yards,Dodger Stadium,2659
Orioles,Oriole Park at Camden Yards,Miller Park,794
Orioles,Oriole Park at Camden Yards,Target Field,1117
Orioles,Oriole Park at Camden Yards,Nationals Park,38
Orioles,Oriole Park at Camden Yards,Citi Field,206
Orioles,Oriole Park at Camden Yards,Yankee Stadium,200
Orioles,Oriole Park at Camden Yards,Oakland Coliseum,2817
Orioles,Oriole Park at Camden Yards,Citizens Bank Park,100
Orioles,Oriole Park at Camden Yards,PNC Park,247
Orioles,Oriole Park at Camden Yards,Petco Park,2679
Orioles,Oriole Park at Camden Yards,ATT Park,2815
Orioles,Oriole Park at Camden Yards,Safeco Field,2808
Orioles,Oriole Park at Camden Yards,Busch Stadium,828
Orioles,Oriole Park at Camden Yards,Tropicana Field,967
Orioles,Oriole Park at Camden Yards,Globe Life Park in Arlington,1379
Orioles,Oriole Park at Camden Yards,Rogers Centre,466
Red Sox,Fenway Park,Angel Stadium of Anaheim,2987
Red Sox,Fenway Park,Chase Field,2686
Red Sox,Fenway Park,SunTrust Park,1091
Red Sox,Fenway Park,Oriole Park at Camden Yards,400
Red Sox,Fenway Park,Wrigley Field,996
Red Sox,Fenway Park,Guaranteed Rate Field,987
Red Sox,Fenway Park,Great American Ball Park,868
Red Sox,Fenway Park,Progressive Field,638
Red Sox,Fenway Park,Coors Field,1978
Red Sox,Fenway Park,Comerica Park,705
Red Sox,Fenway Park,Marlins Park,1494
Red Sox,Fenway Park,Minute Maid Park,1843
Red Sox,Fenway Park,Kauffman Stadium,1410
Red Sox,Fenway Park,Dodger Stadium,2996
Red Sox,Fenway Park,Miller Park,1084
Red Sox,Fenway Park,Target Field,1406
Red Sox,Fenway Park,Nationals Park,439
Red Sox,Fenway Park,Citi Field,204
Red Sox,Fenway Park,Yankee Stadium,204
Red Sox,Fenway Park,Oakland Coliseum,3107
Red Sox,Fenway Park,Citizens Bank Park,310
Red Sox,Fenway Park,PNC Park,571
Red Sox,Fenway Park,Petco Park,3056
Red Sox,Fenway Park,ATT Park,3105
Red Sox,Fenway Park,Safeco Field,3097
Red Sox,Fenway Park,Busch Stadium,1177
Red Sox,Fenway Park,Tropicana Field,1368
Red Sox,Fenway Park,Globe Life Park in Arlington,1777
Red Sox,Fenway Park,Rogers Centre,547
Cubs,Wrigley Field,Angel Stadium of Anaheim,2015
Cubs,Wrigley Field,Chase Field,1812
Cubs,Wrigley Field,SunTrust Park,710
Cubs,Wrigley Field,Oriole Park at Camden Yards,707
Cubs,Wrigley Field,Fenway Park,996
Cubs,Wrigley Field,Guaranteed Rate Field,10
Cubs,Wrigley Field,Great American Ball Park,298
Cubs,Wrigley Field,Progressive Field,352
Cubs,Wrigley Field,Coors Field,1006
Cubs,Wrigley Field,Comerica Park,288
Cubs,Wrigley Field,Marlins Park,1378
Cubs,Wrigley Field,Minute Maid Park,1106
Cubs,Wrigley Field,Kauffman Stadium,532
Cubs,Wrigley Field,Dodger Stadium,2023
Cubs,Wrigley Field,Miller Park,91
Cubs,Wrigley Field,Target Field,405
Cubs,Wrigley Field,Nationals Park,706
Cubs,Wrigley Field,Citi Field,810
Cubs,Wrigley Field,Yankee Stadium,802
Cubs,Wrigley Field,Oakland Coliseum,2134
Cubs,Wrigley Field,Citizens Bank Park,770
Cubs,Wrigley Field,PNC Park,467
Cubs,Wrigley Field,Petco Park,2083
Cubs,Wrigley Field,ATT Park,2132
Cubs,Wrigley Field,Safeco Field,2097
Cubs,Wrigley Field,Busch Stadium,302
Cubs,Wrigley Field,Tropicana Field,1194
Cubs,Wrigley Field,Globe Life Park in Arlington,970
Cubs,Wrigley Field,Rogers Centre,519
White Sox,Guaranteed Rate Field,Angel Stadium of Anaheim,2014
White Sox,Guaranteed Rate Field,Chase Field,1804
White Sox,Guaranteed Rate Field,SunTrust Park,704
White Sox,Guaranteed Rate Field,Oriole Park at Camden Yards,697
White Sox,Guaranteed Rate Field,Fenway Park,987
White Sox,Guaranteed Rate Field,Wrigley Field,10
White Sox,Guaranteed Rate Field,Great American Ball Park,289
White Sox,Guaranteed Rate Field,Progressive Field,342
White Sox,Guaranteed Rate Field,Coors Field,1005
White Sox,Guaranteed Rate Field,Comerica Park,279
White Sox,Guaranteed Rate Field,Marlins Park,1369
White Sox,Guaranteed Rate Field,Minute Maid Park,1096
White Sox,Guaranteed Rate Field,Kauffman Stadium,531
White Sox,Guaranteed Rate Field,Dodger Stadium,2022
White Sox,Guaranteed Rate Field,Miller Park,98
White Sox,Guaranteed Rate Field,Target Field,412
White Sox,Guaranteed Rate Field,Nationals Park,697
White Sox,Guaranteed Rate Field,Citi Field,801
White Sox,Guaranteed Rate Field,Yankee Stadium,792
White Sox,Guaranteed Rate Field,Oakland Coliseum,2133
White Sox,Guaranteed Rate Field,Citizens Bank Park,761
White Sox,Guaranteed Rate Field,PNC Park,458
White Sox,Guaranteed Rate Field,Petco Park,2083
White Sox,Guaranteed Rate Field,ATT Park,2131
White Sox,Guaranteed Rate Field,Safeco Field,2104
White Sox,Guaranteed Rate Field,Busch Stadium,296
White Sox,Guaranteed Rate Field,Tropicana Field,1185
White Sox,Guaranteed Rate Field,Globe Life Park in Arlington,982
White Sox,Guaranteed Rate Field,Rogers Centre,509
Reds,Great American Ball Park,Angel Stadium of Anaheim,2182
Reds,Great American Ball Park,Chase Field,1867
Reds,Great American Ball Park,SunTrust Park,449
Reds,Great American Ball Park,Oriole Park at Camden Yards,515
Reds,Great American Ball Park,Fenway Park,868
Reds,Great American Ball Park,Wrigley Field,298
Reds,Great American Ball Park,Guaranteed Rate Field,289
Reds,Great American Ball Park,Progressive Field,250
Reds,Great American Ball Park,Coors Field,1193
Reds,Great American Ball Park,Comerica Park,263
Reds,Great American Ball Park,Marlins Park,1123
Reds,Great American Ball Park,Minute Maid Park,1125
Reds,Great American Ball Park,Kauffman Stadium,584
Reds,Great American Ball Park,Dodger Stadium,2190
Reds,Great American Ball Park,Miller Park,392
Reds,Great American Ball Park,Target Field,703
Reds,Great American Ball Park,Nationals Park,502
Reds,Great American Ball Park,Citi Field,651
Reds,Great American Ball Park,Yankee Stadium,649
Reds,Great American Ball Park,Oakland Coliseum,2384
Reds,Great American Ball Park,Citizens Bank Park,577
Reds,Great American Ball Park,PNC Park,289
Reds,Great American Ball Park,Petco Park,2210
Reds,Great American Ball Park,ATT Park,2382
Reds,Great American Ball Park,Safeco Field,2386
Reds,Great American Ball Park,Busch Stadium,358
Reds,Great American Ball Park,Tropicana Field,939
Reds,Great American Ball Park,Globe Life Park in Arlington,948
Reds,Great American Ball Park,Rogers Centre,492
Indians,Progressive Field,Angel Stadium of Anaheim,2341
Indians,Progressive Field,Chase Field,2068
Indians,Progressive Field,SunTrust Park,699
Indians,Progressive Field,Oriole Park at Camden Yards,374
Indians,Progressive Field,Fenway Park,638
Indians,Progressive Field,Wrigley Field,352
Indians,Progressive Field,Guaranteed Rate Field,342
Indians,Progressive Field,Great American Ball Park,250
Indians,Progressive Field,Coors Field,1332
Indians,Progressive Field,Comerica Park,168
Indians,Progressive Field,Marlins Park,1242
Indians,Progressive Field,Minute Maid Park,1374
Indians,Progressive Field,Kauffman Stadium,791
Indians,Progressive Field,Dodger Stadium,2349
Indians,Progressive Field,Miller Park,437
Indians,Progressive Field,Target Field,760
Indians,Progressive Field,Nationals Park,372
Indians,Progressive Field,Citi Field,477
Indians,Progressive Field,Yankee Stadium,468
Indians,Progressive Field,Oakland Coliseum,2460
Indians,Progressive Field,Citizens Bank Park,436
Indians,Progressive Field,PNC Park,134
Indians,Progressive Field,Petco Park,2410
Indians,Progressive Field,ATT Park,2458
Indians,Progressive Field,Safeco Field,2451
Indians,Progressive Field,Busch Stadium,558
Indians,Progressive Field,Tropicana Field,1115
Indians,Progressive Field,Globe Life Park in Arlington,1197
Indians,Progressive Field,Rogers Centre,287
Rockies,Coors Field,Angel Stadium of Anaheim,1015
Rockies,Coors Field,Chase Field,826
Rockies,Coors Field,SunTrust Park,1392
Rockies,Coors Field,Oriole Park at Camden Yards,1670
Rockies,Coors Field,Fenway Park,1978
Rockies,Coors Field,Wrigley Field,1006
Rockies,Coors Field,Guaranteed Rate Field,1005
Rockies,Coors Field,Great American Ball Park,1193
Rockies,Coors Field,Progressive Field,1332
Rockies,Coors Field,Comerica Park,1268
Rockies,Coors Field,Marlins Park,2064
Rockies,Coors Field,Minute Maid Park,1120
Rockies,Coors Field,Kauffman Stadium,609
Rockies,Coors Field,Dodger Stadium,1020
Rockies,Coors Field,Miller Park,1040
Rockies,Coors Field,Target Field,913
Rockies,Coors Field,Nationals Park,1657
Rockies,Coors Field,Citi Field,1791
Rockies,Coors Field,Yankee Stadium,1783
Rockies,Coors Field,Oakland Coliseum,1265
Rockies,Coors Field,Citizens Bank Park,1732
Rockies,Coors Field,PNC Park,1444
Rockies,Coors Field,Petco Park,1080
Rockies,Coors Field,ATT Park,1263
Rockies,Coors Field,Safeco Field,1331
Rockies,Coors Field,Busch Stadium,850
Rockies,Coors Field,Tropicana Field,1880
Rockies,Coors Field,Globe Life Park in Arlington,881
Rockies,Coors Field,Rogers Centre,1498
Tigers,Comerica Park,Angel Stadium of Anaheim,2276
Tigers,Comerica Park,Chase Field,2033
Tigers,Comerica Park,SunTrust Park,711
Tigers,Comerica Park,Oriole Park at Camden Yards,526
Tigers,Comerica Park,Fenway Park,705
Tigers,Comerica Park,Wrigley Field,288
Tigers,Comerica Park,Guaranteed Rate Field,279
Tigers,Comerica Park,Great American Ball Park,263
Tigers,Comerica Park,Progressive Field,168
Tigers,Comerica Park,Coors Field,1268
Tigers,Comerica Park,Marlins Park,1395
Tigers,Comerica Park,Minute Maid Park,1313
Tigers,Comerica Park,Kauffman Stadium,757
Tigers,Comerica Park,Dodger Stadium,2285
Tigers,Comerica Park,Miller Park,384
Tigers,Comerica Park,Target Field,695
Tigers,Comerica Park,Nationals Park,524
Tigers,Comerica Park,Citi Field,628
Tigers,Comerica Park,Yankee Stadium,619
Tigers,Comerica Park,Oakland Coliseum,2396
Tigers,Comerica Park,Citizens Bank Park,588
Tigers,Comerica Park,PNC Park,285
Tigers,Comerica Park,Petco Park,2345
Tigers,Comerica Park,ATT Park,2394
Tigers,Comerica Park,Safeco Field,2387
Tigers,Comerica Park,Busch Stadium,524
Tigers,Comerica Park,Tropicana Field,1198
Tigers,Comerica Park,Globe Life Park in Arlington,1199
Tigers,Comerica Park,Rogers Centre,230
Marlins,Marlins Park,Angel Stadium of Anaheim,2719
Marlins,Marlins Park,Chase Field,2362
Marlins,Marlins Park,SunTrust Park,675
Marlins,Marlins Park,Oriole Park at Camden Yards,1094
Marlins,Marlins Park,Fenway Park,1494
Marlins,Marlins Park,Wrigley Field,1378
Marlins,Marlins Park,Guaranteed Rate Field,1369
Marlins,Marlins Park,Great American Ball Park,1123
Marlins,Marlins Park,Progressive Field,1242
Marlins,Marlins Park,Coors Field,2064
Marlins,Marlins Park,Comerica Park,1395
Marlins,Marlins Park,Minute Maid Park,1186
Marlins,Marlins Park,Kauffman Stadium,1457
Marlins,Marlins Park,Dodger Stadium,2737
Marlins,Marlins Park,Miller Park,1479
Marlins,Marlins Park,Target Field,1776
Marlins,Marlins Park,Nationals Park,1057
Marlins,Marlins Park,Citi Field,1296
Marlins,Marlins Park,Yankee Stadium,1290
Marlins,Marlins Park,Oakland Coliseum,3124
Marlins,Marlins Park,Citizens Bank Park,1190
Marlins,Marlins Park,PNC Park,1175
Marlins,Marlins Park,Petco Park,2658
Marlins,Marlins Park,ATT Park,3139
Marlins,Marlins Park,Safeco Field,3360
Marlins,Marlins Park,Busch Stadium,1217
Marlins,Marlins Park,Tropicana Field,266
Marlins,Marlins Park,Globe Life Park in Arlington,1362
Marlins,Marlins Park,Rogers Centre,1481
Astros,Minute Maid Park,Angel Stadium of Anaheim,1534
Astros,Minute Maid Park,Chase Field,1177
Astros,Minute Maid Park,SunTrust Park,800
Astros,Minute Maid Park,Oriole Park at Camden Yards,1445
Astros,Minute Maid Park,Fenway Park,1843
Astros,Minute Maid Park,Wrigley Field,1106
Astros,Minute Maid Park,Guaranteed Rate Field,1096
Astros,Minute Maid Park,Great American Ball Park,1125
Astros,Minute Maid Park,Progressive Field,1374
Astros,Minute Maid Park,Coors Field,1120
Astros,Minute Maid Park,Comerica Park,1313
Astros,Minute Maid Park,Marlins Park,1186
Astros,Minute Maid Park,Kauffman Stadium,797
Astros,Minute Maid Park,Dodger Stadium,1552
Astros,Minute Maid Park,Miller Park,1192
Astros,Minute Maid Park,Target Field,1231
Astros,Minute Maid Park,Nationals Park,1413
Astros,Minute Maid Park,Citi Field,1643
Astros,Minute Maid Park,Yankee Stadium,1641
Astros,Minute Maid Park,Oakland Coliseum,1913
Astros,Minute Maid Park,Citizens Bank Park,1545
Astros,Minute Maid Park,PNC Park,1414
Astros,Minute Maid Park, ParkPETCO,1472
Astros,Minute Maid Park,ATT Park,1928
Astros,Minute Maid Park,Safeco Field,2443
Astros,Minute Maid Park,Busch Stadium,851
Astros,Minute Maid Park,Tropicana Field,1003
Astros,Minute Maid Park,Globe Life Park in Arlington,257
Astros,Minute Maid Park,Rogers Centre,1543
Royals,Kauffman Stadium,Angel Stadium of Anaheim,1620
Royals,Kauffman Stadium,Chase Field,1362
Royals,Kauffman Stadium,SunTrust Park,783
Royals,Kauffman Stadium,Oriole Park at Camden Yards,1061
Royals,Kauffman Stadium,Fenway Park,1410
Royals,Kauffman Stadium,Wrigley Field,532
Royals,Kauffman Stadium,Guaranteed Rate Field,531
Royals,Kauffman Stadium,Great American Ball Park,584
Royals,Kauffman Stadium,Progressive Field,791
Royals,Kauffman Stadium,Coors Field,609
Royals,Kauffman Stadium,Comerica Park,757
Royals,Kauffman Stadium,Marlins Park,1457
Royals,Kauffman Stadium,Minute Maid Park,797
Royals,Kauffman Stadium,Dodger Stadium,1630
Royals,Kauffman Stadium,Miller Park,566
Royals,Kauffman Stadium,Target Field,439
Royals,Kauffman Stadium,Nationals Park,1049
Royals,Kauffman Stadium,Citi Field,1198
Royals,Kauffman Stadium,Yankee Stadium,1196
Royals,Kauffman Stadium,Oakland Coliseum,1813
Royals,Kauffman Stadium,Citizens Bank Park,1124
Royals,Kauffman Stadium,PNC Park,835
Royals,Kauffman Stadium,Petco Park,1690
Royals,Kauffman Stadium,ATT Park,1811
Royals,Kauffman Stadium,Safeco Field,1901
Royals,Kauffman Stadium,Busch Stadium,242
Royals,Kauffman Stadium,Tropicana Field,1272
Royals,Kauffman Stadium,Globe Life Park in Arlington,559
Royals,Kauffman Stadium,Rogers Centre,987
Dodgers,Dodger Stadium,Angel Stadium of Anaheim,31
Dodgers,Dodger Stadium,Chase Field,375
Dodgers,Dodger Stadium,SunTrust Park,2182
Dodgers,Dodger Stadium,Oriole Park at Camden Yards,2659
Dodgers,Dodger Stadium,Fenway Park,2996
Dodgers,Dodger Stadium,Wrigley Field,2023
Dodgers,Dodger Stadium,Guaranteed Rate Field,2022
Dodgers,Dodger Stadium,Great American Ball Park,2190
Dodgers,Dodger Stadium,Progressive Field,2349
Dodgers,Dodger Stadium,Coors Field,1020
Dodgers,Dodger Stadium,Comerica Park,2285
Dodgers,Dodger Stadium,Marlins Park,2737
Dodgers,Dodger Stadium,Minute Maid Park,1552
Dodgers,Dodger Stadium,Kauffman Stadium,1630
Dodgers,Dodger Stadium,Miller Park,2056
Dodgers,Dodger Stadium,Target Field,1930
Dodgers,Dodger Stadium,Nationals Park,2672
Dodgers,Dodger Stadium,Citi Field,2807
Dodgers,Dodger Stadium,Yankee Stadium,2799
Dodgers,Dodger Stadium,Oakland Coliseum,366
Dodgers,Dodger Stadium,Citizens Bank Park,2721
Dodgers,Dodger Stadium,PNC Park,2433
Dodgers,Dodger Stadium,Petco Park,124
Dodgers,Dodger Stadium,ATT Park,381
Dodgers,Dodger Stadium,Safeco Field,1136
Dodgers,Dodger Stadium,Busch Stadium,1832
Dodgers,Dodger Stadium,Tropicana Field,2553
Dodgers,Dodger Stadium,Globe Life Park in Arlington,1423
Dodgers,Dodger Stadium,Rogers Centre,2514
Brewers,Miller Park,Angel Stadium of Anaheim,2049
Brewers,Miller Park,Chase Field,1885
Brewers,Miller Park,SunTrust Park,805
Brewers,Miller Park,Oriole Park at Camden Yards,794
Brewers,Miller Park,Fenway Park,1084
Brewers,Miller Park,Wrigley Field,91
Brewers,Miller Park,Guaranteed Rate Field,98
Brewers,Miller Park,Great American Ball Park,392
Brewers,Miller Park,Progressive Field,437
Brewers,Miller Park,Coors Field,1040
Brewers,Miller Park,Comerica Park,384
Brewers,Miller Park,Marlins Park,1479
Brewers,Miller Park,Minute Maid Park,1192
Brewers,Miller Park,Kauffman Stadium,566
Brewers,Miller Park,Dodger Stadium,2056
Brewers,Miller Park,Target Field,334
Brewers,Miller Park,Nationals Park,791
Brewers,Miller Park,Citi Field,895
Brewers,Miller Park,Yankee Stadium,886
Brewers,Miller Park,Oakland Coliseum,2168
Brewers,Miller Park,Citizens Bank Park,854
Brewers,Miller Park,PNC Park,552
Brewers,Miller Park,Petco Park,2117
Brewers,Miller Park,ATT Park,2166
Brewers,Miller Park,Safeco Field,2025
Brewers,Miller Park,Busch Stadium,377
Brewers,Miller Park,Tropicana Field,1288
Brewers,Miller Park,Globe Life Park in Arlington,1045
Brewers,Miller Park,Rogers Centre,603
Twins,Target Field,Angel Stadium of Anaheim,1922
Twins,Target Field,Chase Field,1796
Twins,Target Field,SunTrust Park,1102
Twins,Target Field,Oriole Park at Camden Yards,1117
Twins,Target Field,Fenway Park,1406
Twins,Target Field,Wrigley Field,405
Twins,Target Field,Guaranteed Rate Field,412
Twins,Target Field,Great American Ball Park,703
Twins,Target Field,Progressive Field,760
Twins,Target Field,Coors Field,913
Twins,Target Field,Comerica Park,695
Twins,Target Field,Marlins Park,1776
Twins,Target Field,Minute Maid Park,1231
Twins,Target Field,Kauffman Stadium,439
Twins,Target Field,Dodger Stadium,1930
Twins,Target Field,Miller Park,334
Twins,Target Field,Nationals Park,1109
Twins,Target Field,Citi Field,1213
Twins,Target Field,Yankee Stadium,1204
Twins,Target Field,Oakland Coliseum,2041
Twins,Target Field,Citizens Bank Park,1173
Twins,Target Field,PNC Park,870
Twins,Target Field,Petco Park,1991
Twins,Target Field,ATT Park,2039
Twins,Target Field,Safeco Field,1658
Twins,Target Field,Busch Stadium,562
Twins,Target Field,Tropicana Field,1593
Twins,Target Field,Globe Life Park in Arlington,993
Twins,Target Field,Rogers Centre,925
Nationals,Nationals Park,Angel Stadium of Anaheim,2664
Nationals,Nationals Park,Chase Field,2349
Nationals,Nationals Park,SunTrust Park,639
Nationals,Nationals Park,Oriole Park at Camden Yards,38
Nationals,Nationals Park,Fenway Park,439
Nationals,Nationals Park,Wrigley Field,706
Nationals,Nationals Park,Guaranteed Rate Field,697
Nationals,Nationals Park,Great American Ball Park,502
Nationals,Nationals Park,Progressive Field,372
Nationals,Nationals Park,Coors Field,1657
Nationals,Nationals Park,Comerica Park,524
Nationals,Nationals Park,Marlins Park,1057
Nationals,Nationals Park,Minute Maid Park,1413
Nationals,Nationals Park,Kauffman Stadium,1049
Nationals,Nationals Park,Dodger Stadium,2672
Nationals,Nationals Park,Miller Park,791
Nationals,Nationals Park,Target Field,1109
Nationals,Nationals Park,Citi Field,240
Nationals,Nationals Park,Yankee Stadium,235
Nationals,Nationals Park,Oakland Coliseum,2816
Nationals,Nationals Park,Citizens Bank Park,134
Nationals,Nationals Park,PNC Park,246
Nationals,Nationals Park,Petco Park,2694
Nationals,Nationals Park,ATT Park,2814
Nationals,Nationals Park,Safeco Field,2806
Nationals,Nationals Park,Busch Stadium,826
Nationals,Nationals Park,Tropicana Field,930
Nationals,Nationals Park,Globe Life Park in Arlington,1347
Nationals,Nationals Park,Rogers Centre,492
Mets,Citi Field,Angel Stadium of Anaheim,2800
Mets,Citi Field,Chase Field,2473
Mets,Citi Field,SunTrust Park,893
Mets,Citi Field,Oriole Park at Camden Yards,206
Mets,Citi Field,Fenway Park,204
Mets,Citi Field,Wrigley Field,810
Mets,Citi Field,Guaranteed Rate Field,801
Mets,Citi Field,Great American Ball Park,651
Mets,Citi Field,Progressive Field,477
Mets,Citi Field,Coors Field,1791
Mets,Citi Field,Comerica Park,628
Mets,Citi Field,Marlins Park,1296
Mets,Citi Field,Minute Maid Park,1643
Mets,Citi Field,Kauffman Stadium,1198
Mets,Citi Field,Dodger Stadium,2807
Mets,Citi Field,Miller Park,895
Mets,Citi Field,Target Field,1213
Mets,Citi Field,Nationals Park,240
Mets,Citi Field,Yankee Stadium,9
Mets,Citi Field,Oakland Coliseum,2920
Mets,Citi Field,Citizens Bank Park,109
Mets,Citi Field,PNC Park,381
Mets,Citi Field,Petco Park,2869
Mets,Citi Field,ATT Park,2918
Mets,Citi Field,Safeco Field,2911
Mets,Citi Field,Busch Stadium,962
Mets,Citi Field,Tropicana Field,1167
Mets,Citi Field,Globe Life Park in Arlington,1574
Mets,Citi Field,Rogers Centre,492
Yankees,Yankee Stadium,Angel Stadium of Anaheim,2791
Yankees,Yankee Stadium,Chase Field,2470
Yankees,Yankee Stadium,SunTrust Park,891
Yankees,Yankee Stadium,Oriole Park at Camden Yards,200
Yankees,Yankee Stadium,Fenway Park,204
Yankees,Yankee Stadium,Wrigley Field,802
Yankees,Yankee Stadium,Guaranteed Rate Field,792
Yankees,Yankee Stadium,Great American Ball Park,649
Yankees,Yankee Stadium,Progressive Field,468
Yankees,Yankee Stadium,Coors Field,1783
Yankees,Yankee Stadium,Comerica Park,619
Yankees,Yankee Stadium,Marlins Park,1290
Yankees,Yankee Stadium,Minute Maid Park,1641
Yankees,Yankee Stadium,Kauffman Stadium,1196
Yankees,Yankee Stadium,Dodger Stadium,2799
Yankees,Yankee Stadium,Miller Park,886
Yankees,Yankee Stadium,Target Field,1204
Yankees,Yankee Stadium,Nationals Park,235
Yankees,Yankee Stadium,Citi Field,9
Yankees,Yankee Stadium,Oakland Coliseum,2912
Yankees,Yankee Stadium,Citizens Bank Park,108
Yankees,Yankee Stadium,PNC Park,376
Yankees,Yankee Stadium,Petco Park,2861
Yankees,Yankee Stadium,ATT Park,2910
Yankees,Yankee Stadium,Safeco Field,2902
Yankees,Yankee Stadium,Busch Stadium,963
Yankees,Yankee Stadium,Tropicana Field,1166
Yankees,Yankee Stadium,Globe Life Park in Arlington,1575
Yankees,Yankee Stadium,Rogers Centre,483
Athletics,Oakland Coliseum,Angel Stadium of Anaheim,394
Athletics,Oakland Coliseum,Chase Field,736
Athletics,Oakland Coliseum,SunTrust Park,2464
Athletics,Oakland Coliseum,Oriole Park at Camden Yards,2817
Athletics,Oakland Coliseum,Fenway Park,3107
Athletics,Oakland Coliseum,Wrigley Field,2134
Athletics,Oakland Coliseum,Guaranteed Rate Field,2133
Athletics,Oakland Coliseum,Great American Ball Park,2384
Athletics,Oakland Coliseum,Progressive Field,2460
Athletics,Oakland Coliseum,Coors Field,1265
Athletics,Oakland Coliseum,Comerica Park,2396
Athletics,Oakland Coliseum,Marlins Park,3124
Athletics,Oakland Coliseum,Minute Maid Park,1913
Athletics,Oakland Coliseum,Kauffman Stadium,1813
Athletics,Oakland Coliseum,Dodger Stadium,366
Athletics,Oakland Coliseum,Miller Park,2168
Athletics,Oakland Coliseum,Target Field,2041
Athletics,Oakland Coliseum,Nationals Park,2816
Athletics,Oakland Coliseum,Citi Field,2920
Athletics,Oakland Coliseum,Yankee Stadium,2912
Athletics,Oakland Coliseum,Citizens Bank Park,2883
Athletics,Oakland Coliseum,PNC Park,2581
Athletics,Oakland Coliseum,Petco Park,487
Athletics,Oakland Coliseum,ATT Park,17
Athletics,Oakland Coliseum,Safeco Field,810
Athletics,Oakland Coliseum,Busch Stadium,2056
Athletics,Oakland Coliseum,Tropicana Field,2938
Athletics,Oakland Coliseum,Globe Life Park in Arlington,1722
Athletics,Oakland Coliseum,Rogers Centre,2631
Phillies,Citizens Bank Park,Angel Stadium of Anaheim,2714
Phillies,Citizens Bank Park,Chase Field,2399
Phillies,Citizens Bank Park,SunTrust Park,772
Phillies,Citizens Bank Park,Oriole Park at Camden Yards,100
Phillies,Citizens Bank Park,Fenway Park,310
Phillies,Citizens Bank Park,Wrigley Field,770
Phillies,Citizens Bank Park,Guaranteed Rate Field,761
Phillies,Citizens Bank Park,Great American Ball Park,577
Phillies,Citizens Bank Park,Progressive Field,436
Phillies,Citizens Bank Park,Coors Field,1732
Phillies,Citizens Bank Park,Comerica Park,588
Phillies,Citizens Bank Park,Marlins Park,1190
Phillies,Citizens Bank Park,Minute Maid Park,1545
Phillies,Citizens Bank Park,Kauffman Stadium,1124
Phillies,Citizens Bank Park,Dodger Stadium,2721
Phillies,Citizens Bank Park,Miller Park,854
Phillies,Citizens Bank Park,Target Field,1173
Phillies,Citizens Bank Park,Nationals Park,134
Phillies,Citizens Bank Park,Citi Field,109
Phillies,Citizens Bank Park,Yankee Stadium,108
Phillies,Citizens Bank Park,Oakland Coliseum,2883
Phillies,Citizens Bank Park,PNC Park,310
Phillies,Citizens Bank Park,Petco Park,2742
Phillies,Citizens Bank Park,ATT Park,2878
Phillies,Citizens Bank Park,Safeco Field,2871
Phillies,Citizens Bank Park,Busch Stadium,890
Phillies,Citizens Bank Park,Tropicana Field,1064
Phillies,Citizens Bank Park,Globe Life Park in Arlington,1478
Phillies,Citizens Bank Park,Rogers Centre,484
Pirates,PNC Park,Angel Stadium of Anaheim,2425
Pirates,PNC Park,Chase Field,2110
Pirates,PNC Park,SunTrust Park,685
Pirates,PNC Park,Oriole Park at Camden Yards,247
Pirates,PNC Park,Fenway Park,571
Pirates,PNC Park,Wrigley Field,467
Pirates,PNC Park,Guaranteed Rate Field,458
Pirates,PNC Park,Great American Ball Park,289
Pirates,PNC Park,Progressive Field,134
Pirates,PNC Park,Coors Field,1444
Pirates,PNC Park,Comerica Park,285
Pirates,PNC Park,Marlins Park,1175
Pirates,PNC Park,Minute Maid Park,1414
Pirates,PNC Park,Kauffman Stadium,835
Pirates,PNC Park,Dodger Stadium,2433
Pirates,PNC Park,Miller Park,552
Pirates,PNC Park,Target Field,870
Pirates,PNC Park,Nationals Park,246
Pirates,PNC Park,Citi Field,381
Pirates,PNC Park,Yankee Stadium,376
Pirates,PNC Park,Oakland Coliseum,2581
Pirates,PNC Park,Citizens Bank Park,310
Pirates,PNC Park,Petco Park,2454
Pirates,PNC Park,ATT Park,2575
Pirates,PNC Park,Safeco Field,2568
Pirates,PNC Park,Busch Stadium,602
Pirates,PNC Park,Tropicana Field,1049
Pirates,PNC Park,Globe Life Park in Arlington,1237
Pirates,PNC Park,Rogers Centre,312
Padres,Petco Park,Angel Stadium of Anaheim,95
Padres,Petco Park,Chase Field,356
Padres,Petco Park,SunTrust Park,2145
Padres,Petco Park,Oriole Park at Camden Yards,2679
Padres,Petco Park,Fenway Park,3056
Padres,Petco Park,Wrigley Field,2083
Padres,Petco Park,Guaranteed Rate Field,2083
Padres,Petco Park,Great American Ball Park,2210
Padres,Petco Park,Progressive Field,2410
Padres,Petco Park,Coors Field,1080
Padres,Petco Park,Comerica Park,2345
Padres,Petco Park,Marlins Park,2658
Padres,Petco Park,Minute Maid Park,1472
Padres,Petco Park,Kauffman Stadium,1690
Padres,Petco Park,Dodger Stadium,124
Padres,Petco Park,Miller Park,2117
Padres,Petco Park,Target Field,1991
Padres,Petco Park,Nationals Park,2694
Padres,Petco Park,Citi Field,2869
Padres,Petco Park,Yankee Stadium,2861
Padres,Petco Park,Oakland Coliseum,487
Padres,Petco Park,Citizens Bank Park,2742
Padres,Petco Park,PNC Park,2454
Padres,Petco Park,ATT Park,501
Padres,Petco Park,Safeco Field,1257
Padres,Petco Park,Busch Stadium,1852
Padres,Petco Park,Tropicana Field,2473
Padres,Petco Park,Globe Life Park in Arlington,1343
Padres,Petco Park,Rogers Centre,2575
Giants,ATT Park,Angel Stadium of Anaheim,409
Giants,ATT Park,Chase Field,751
Giants,ATT Park,SunTrust Park,2479
Giants,ATT Park,Oriole Park at Camden Yards,2815
Giants,ATT Park,Fenway Park,3105
Giants,ATT Park,Wrigley Field,2132
Giants,ATT Park,Guaranteed Rate Field,2131
Giants,ATT Park,Great American Ball Park,2382
Giants,ATT Park,Progressive Field,2458
Giants,ATT Park,Coors Field,1263
Giants,ATT Park,Comerica Park,2394
Giants,ATT Park,Marlins Park,3139
Giants,ATT Park,Minute Maid Park,1928
Giants,ATT Park,Kauffman Stadium,1811
Giants,ATT Park,Dodger Stadium,381
Giants,ATT Park,Miller Park,2166
Giants,ATT Park,Target Field,2039
Giants,ATT Park,Nationals Park,2814
Giants,ATT Park,Citi Field,2918
Giants,ATT Park,Yankee Stadium,2910
Giants,ATT Park,Oakland Coliseum,17
Giants,ATT Park,Citizens Bank Park,2878
Giants,ATT Park,PNC Park,2575
Giants,ATT Park,Petco Park,501
Giants,ATT Park,Safeco Field,807
Giants,ATT Park,Busch Stadium,2054
Giants,ATT Park,Tropicana Field,2954
Giants,ATT Park,Globe Life Park in Arlington,1737
Giants,ATT Park,Rogers Centre,2628
Mariners,Safeco Field,Angel Stadium of Anaheim,1165
Mariners,Safeco Field,Chase Field,1507
Mariners,Safeco Field,SunTrust Park,2686
Mariners,Safeco Field,Oriole Park at Camden Yards,2808
Mariners,Safeco Field,Fenway Park,3097
Mariners,Safeco Field,Wrigley Field,2097
Mariners,Safeco Field,Guaranteed Rate Field,2104
Mariners,Safeco Field,Great American Ball Park,2386
Mariners,Safeco Field,Progressive Field,2451
Mariners,Safeco Field,Coors Field,1331
Mariners,Safeco Field,Comerica Park,2387
Mariners,Safeco Field,Marlins Park,3360
Mariners,Safeco Field,Minute Maid Park,2443
Mariners,Safeco Field,Kauffman Stadium,1901
Mariners,Safeco Field,Dodger Stadium,1136
Mariners,Safeco Field,Miller Park,2025
Mariners,Safeco Field,Target Field,1658
Mariners,Safeco Field,Nationals Park,2806
Mariners,Safeco Field,Citi Field,2911
Mariners,Safeco Field,Yankee Stadium,2902
Mariners,Safeco Field,Oakland Coliseum,810
Mariners,Safeco Field,Citizens Bank Park,2871
Mariners,Safeco Field,PNC Park,2568
Mariners,Safeco Field,Petco Park,1257
Mariners,Safeco Field,ATT Park,807
Mariners,Safeco Field,Busch Stadium,2119
Mariners,Safeco Field,Tropicana Field,3149
Mariners,Safeco Field,Globe Life Park in Arlington,2205
Mariners,Safeco Field,Rogers Centre,2616
Cardinals,Busch Stadium,Angel Stadium of Anaheim,1825
Cardinals,Busch Stadium,Chase Field,1510
Cardinals,Busch Stadium,SunTrust Park,543
Cardinals,Busch Stadium,Oriole Park at Camden Yards,828
Cardinals,Busch Stadium,Fenway Park,1177
Cardinals,Busch Stadium,Wrigley Field,302
Cardinals,Busch Stadium,Guaranteed Rate Field,296
Cardinals,Busch Stadium,Great American Ball Park,358
Cardinals,Busch Stadium,Progressive Field,558
Cardinals,Busch Stadium,Coors Field,850
Cardinals,Busch Stadium,Comerica Park,524
Cardinals,Busch Stadium,Marlins Park,1217
Cardinals,Busch Stadium,Minute Maid Park,851
Cardinals,Busch Stadium,Kauffman Stadium,242
Cardinals,Busch Stadium,Dodger Stadium,1832
Cardinals,Busch Stadium,Miller Park,377
Cardinals,Busch Stadium,Target Field,562
Cardinals,Busch Stadium,Nationals Park,826
Cardinals,Busch Stadium,Citi Field,962
Cardinals,Busch Stadium,Yankee Stadium,963
Cardinals,Busch Stadium,Oakland Coliseum,2056
Cardinals,Busch Stadium,Citizens Bank Park,890
Cardinals,Busch Stadium,PNC Park,602
Cardinals,Busch Stadium,Petco Park,1852
Cardinals,Busch Stadium,ATT Park,2054
Cardinals,Busch Stadium,Safeco Field,2119
Cardinals,Busch Stadium,Tropicana Field,1032
Cardinals,Busch Stadium,Globe Life Park in Arlington,668
Cardinals,Busch Stadium,Rogers Centre,754
Rays,Tropicana Field,Angel Stadium of Anaheim,2535
Rays,Tropicana Field,Chase Field,2179
Rays,Tropicana Field,SunTrust Park,491
Rays,Tropicana Field,Oriole Park at Camden Yards,967
Rays,Tropicana Field,Fenway Park,1368
Rays,Tropicana Field,Wrigley Field,1194
Rays,Tropicana Field,Guaranteed Rate Field,1185
Rays,Tropicana Field,Great American Ball Park,939
Rays,Tropicana Field,Progressive Field,1115
Rays,Tropicana Field,Coors Field,1880
Rays,Tropicana Field,Comerica Park,1198
Rays,Tropicana Field,Marlins Park,266
Rays,Tropicana Field,Minute Maid Park,1003
Rays,Tropicana Field,Kauffman Stadium,1272
Rays,Tropicana Field,Dodger Stadium,2553
Rays,Tropicana Field,Miller Park,1288
Rays,Tropicana Field,Target Field,1593
Rays,Tropicana Field,Nationals Park,930
Rays,Tropicana Field,Citi Field,1167
Rays,Tropicana Field,Yankee Stadium,1166
Rays,Tropicana Field,Oakland Coliseum,2938
Rays,Tropicana Field,Citizens Bank Park,1064
Rays,Tropicana Field,PNC Park,1049
Rays,Tropicana Field,Petco Park,2473
Rays,Tropicana Field,ATT Park,2954
Rays,Tropicana Field,Safeco Field,3149
Rays,Tropicana Field,Busch Stadium,1032
Rays,Tropicana Field,Globe Life Park in Arlington,1180
Rays,Tropicana Field,Rogers Centre,1355
Rangers,Globe Life Park in Arlington,Angel Stadium of Anaheim,1405
Rangers,Globe Life Park in Arlington,Chase Field,1048
Rangers,Globe Life Park in Arlington,SunTrust Park,802
Rangers,Globe Life Park in Arlington,Oriole Park at Camden Yards,1379
Rangers,Globe Life Park in Arlington,Fenway Park,1777
Rangers,Globe Life Park in Arlington,Wrigley Field,970
Rangers,Globe Life Park in Arlington,Guaranteed Rate Field,982
Rangers,Globe Life Park in Arlington,Great American Ball Park,948
Rangers,Globe Life Park in Arlington,Progressive Field,1197
Rangers,Globe Life Park in Arlington,Coors Field,881
Rangers,Globe Life Park in Arlington,Comerica Park,1199
Rangers,Globe Life Park in Arlington,Marlins Park,1362
Rangers,Globe Life Park in Arlington,Minute Maid Park,257
Rangers,Globe Life Park in Arlington,Kauffman Stadium,559
Rangers,Globe Life Park in Arlington,Dodger Stadium,1423
Rangers,Globe Life Park in Arlington,Miller Park,1045
Rangers,Globe Life Park in Arlington,Target Field,993
Rangers,Globe Life Park in Arlington,Nationals Park,1347
Rangers,Globe Life Park in Arlington,Citi Field,1574
Rangers,Globe Life Park in Arlington,Yankee Stadium,1575
Rangers,Globe Life Park in Arlington,Oakland Coliseum,1722
Rangers,Globe Life Park in Arlington,Citizens Bank Park,1478
Rangers,Globe Life Park in Arlington,PNC Park,1237
Rangers,Globe Life Park in Arlington,Petco Park,1343
Rangers,Globe Life Park in Arlington,ATT Park,1737
Rangers,Globe Life Park in Arlington,Safeco Field,2205
Rangers,Globe Life Park in Arlington,Busch Stadium,668
Rangers,Globe Life Park in Arlington,Tropicana Field,1180
Rangers,Globe Life Park in Arlington,Rogers Centre,1428
Blue Jays,Rogers Centre,Angel Stadium of Anaheim,2507
Blue Jays,Rogers Centre,Chase Field,2262
Blue Jays,Rogers Centre,SunTrust Park,940
Blue Jays,Rogers Centre,Oriole Park at Camden Yards,466
Blue Jays,Rogers Centre,Fenway Park,547
Blue Jays,Rogers Centre,Wrigley Field,519
Blue Jays,Rogers Centre,Guaranteed Rate Field,509
Blue Jays,Rogers Centre,Great American Ball Park,492
Blue Jays,Rogers Centre,Progressive Field,287
Blue Jays,Rogers Centre,Coors Field,1498
Blue Jays,Rogers Centre,Comerica Park,230
Blue Jays,Rogers Centre,Marlins Park,1481
Blue Jays,Rogers Centre,Minute Maid Park,1543
Blue Jays,Rogers Centre,Kauffman Stadium,987
Blue Jays,Rogers Centre,Dodger Stadium,2514
Blue Jays,Rogers Centre,Miller Park,603
Blue Jays,Rogers Centre,Target Field,925
Blue Jays,Rogers Centre,Nationals Park,492
Blue Jays,Rogers Centre,Citi Field,492
Blue Jays,Rogers Centre,Yankee Stadium,483
Blue Jays,Rogers Centre,Oakland Coliseum,2631
Blue Jays,Rogers Centre,Citizens Bank Park,484
Blue Jays,Rogers Centre,PNC Park,312
Blue Jays,Rogers Centre,Petco Park,2575
Blue Jays,Rogers Centre,ATT Park,2628
Blue Jays,Rogers Centre,Safeco Field,2616
Blue Jays,Rogers Centre,Busch Stadium,754
Blue Jays,Rogers Centre,Tropicana Field,1355
Blue Jays,Rogers Centre,Globe Life Park in Arlington,1428
